Taxa,Area,B_glucan,Circularity,Diameter,DTH,Fe,FLA,FLH,GpS,GWS,GY,HW,Length,Length_Wid,PdH,PdL,Perimeter,PH,Protein,SL,TKW,width,Zn
G1,22.72177,6.848584,1.887915,5.366522,75.89584,29.67685,16.58676,82.77116,44.70886,1.6156277,1.3747605,57.65487,10.542981,3.313525,91.09761,8.132094,29.0701,96.7614,14.06372,5.343668,28.48964,3.251696,31.21179
G2,23.07877,7.430943,1.78007,5.403555,70.17532,31.59088,7.966124,62.36145,25.25222,1.0563208,1.3735596,64.41055,10.106793,3.013035,63.656,1.034193,28.33654,70.5672,14.1609,6.804813,35.00164,3.439623,34.21217
G3,19.93612,4.012621,1.555492,5.034355,74.19461,34.15825,7.59235,61.81653,25.72167,0.9516462,0.9054266,69.41048,8.56579,2.524445,68.75482,6.555505,24.57919,77.16486,15.23294,8.074976,31.95561,3.455571,25.50724
G4,23.32083,6.091926,2.300471,5.420909,74.39462,31.44544,18.753322,69.77661,66.23116,2.520201,0.7614383,55.3559,11.920853,3.833381,69.50663,0.9639243,32.21194,79.22446,14.34877,10.039594,27.27054,3.204069,32.24918
G5,19.54859,7.307811,1.896487,4.981714,77.66037,30.31127,16.532845,64.38496,54.63221,1.2044795,0.8827177,53.6594,9.781558,3.305421,64.10002,-0.641649,27.02846,71.78375,14.46224,7.526454,24.64983,3.000305,33.58773
G7,22.96829,7.267738,1.752493,5.422541,72.6542,30.61605,18.40302,78.08801,26.63211,1.0843463,2.0644185,64.98411,9.968898,2.978634,80.59519,2.598928,28.03643,88.70248,14.31356,8.314572,33.83401,3.429043,33.9271
G8,24.15301,6.516815,1.903725,5.511479,73.06371,34.49188,13.165159,66.77562,51.35892,2.4582796,1.5887862,59.9005,10.91799,3.206031,74.30561,7.857492,30.17215,80.94017,15.21018,6.352677,29.0439,3.420575,34.68302
G9,22.52751,6.608225,1.901783,5.336156,74.04873,33.49028,12.682691,69.98692,38.2323,1.3928296,1.2118309,56.50861,10.502563,3.241124,75.24064,5.578621,28.92822,83.62289,14.93425,8.365056,31.82218,3.333389,29.96857
G12,21.53395,7.121876,1.618225,5.22774,77.23398,32.34481,11.629285,61.29312,31.28971,1.2032534,1.2961393,62.75776,9.245332,2.697188,64.11338,3.062002,26.28273,72.07131,14.56293,8.262385,28.09158,3.500696,35.09732
G13,19.26368,7.070931,1.878297,4.975031,76.56273,31.7031,17.281531,62.8386,43.46615,1.3072053,1.0507278,58.2078,9.664583,3.195656,64.11994,1.609596,26.82752,70.98379,14.29749,6.859936,29.91953,3.077496,32.45874
G15,17.48008,3.735096,1.62047,4.590672,77.66659,42.37146,26.929665,68.14808,60.86161,1.6092967,1.3268677,67.18442,8.234597,2.699877,75.1581,7.413438,23.06549,81.91401,16.34367,7.190143,26.24907,3.160178,23.09143
G17,24.0248,4.91798,1.594149,5.516323,72.94782,31.98555,10.360014,72.29263,24.19307,1.0499514,0.7894572,61.54636,9.709359,2.715359,70.923,-0.4694651,27.65069,78.18191,14.89079,7.774403,34.40251,3.642822,31.3048
G18,22.31159,6.486921,1.88353,5.300697,67.63327,38.35437,12.498014,65.75745,54.97432,2.2009551,0.6427446,62.71205,10.391873,3.057265,72.01977,5.528869,28.8476,80.49193,15.69438,8.564636,30.16602,3.448112,34.63071
G19,22.16574,4.644751,1.842835,5.282069,66.7145,33.48559,17.097568,71.3344,50.09106,1.7704126,0.8506992,58.93797,10.146264,3.160355,74.86428,2.781836,28.18461,83.05631,14.79745,7.698733,25.25619,3.256399,24.83683
G21,22.09289,7.192076,1.702472,5.339215,74.74008,34.40342,22.289915,66.79994,27.99183,1.1919266,1.6268913,62.10976,9.774886,2.909411,67.94772,2.287618,27.07904,75.67244,14.53886,8.387825,30.83805,3.458478,35.03879
G22,31.1648,6.052485,1.894075,6.276427,69.30903,32.43725,12.927719,64.02002,22.4526,1.1178439,1.5131742,63.54126,12.269004,3.248814,69.74427,6.617394,34.11969,77.03305,14.67751,7.099863,33.30004,3.845056,31.87869
G24,23.31557,6.012412,2.098832,5.437139,67.30102,29.73927,18.517655,59.09612,46.17143,1.5558863,0.9819892,57.14529,11.245481,3.618558,63.9416,5.609405,30.87909,72.34495,13.91755,8.856912,31.23531,3.199072,31.0777
G25,22.76795,7.020738,2.107453,5.389902,74.14476,27.63361,13.887284,66.36492,52.25376,2.0513374,1.219637,54.21239,11.246682,3.653743,74.29003,8.04245,30.71493,80.10286,13.63174,5.770578,29.31995,3.149211,31.91793
G26,24.30342,5.654099,2.178583,5.550252,72.67107,28.45071,17.923778,59.86896,50.19127,1.8954818,1.2719992,57.86379,11.855403,3.830433,60.04626,0.5895591,32.27733,66.19045,13.68584,5.988156,34.09335,3.139757,28.28504
G27,26.71765,6.843048,1.901164,5.813589,73.28984,29.29955,14.568973,64.31698,21.45214,0.9694237,1.5341996,61.81072,11.417267,3.294862,64.61219,0.2909361,31.59962,71.85276,13.99942,7.169823,33.19058,3.541241,29.4331
G28,25.55364,6.617041,2.064662,5.69483,78.73279,28.61037,24.105155,73.56737,53.42627,2.2993727,1.1272731,58.29721,11.785115,3.555133,76.0323,2.699417,32.22999,82.69401,13.81346,6.809096,32.78998,3.377182,30.85398
G30,23.78639,6.315737,2.006046,5.474732,75.79098,33.22351,15.414171,69.76704,48.43124,1.851753,1.1155886,57.77701,11.123245,3.417349,74.27575,4.987732,30.63336,82.21894,14.9993,7.85911,30.42868,3.316464,31.83158
G33,21.50603,6.967063,1.88085,5.221837,72.04133,34.89015,15.131758,65.83544,50.52812,1.8042728,0.8473446,61.70266,10.078235,3.065775,77.23758,10.95134,28.10987,84.09275,15.0158,6.696625,25.29856,3.386955,31.30233
G34,22.19739,7.137489,2.032611,5.305091,76.18,27.30763,21.551678,61.63095,58.50629,2.0066489,1.4222734,53.66152,10.803518,3.45649,64.43863,2.114017,29.69681,71.97552,13.58873,7.084724,29.49887,3.185077,30.01232
G35,21.7006,6.687328,1.806152,5.204434,80.96089,35.71796,15.329677,62.45265,62.16249,1.9739952,1.098625,59.15532,9.932895,3.115482,58.31852,-4.792548,27.58467,67.41253,15.2254,8.984542,30.3793,3.276181,32.60058
G36,24.94855,6.520173,2.129563,5.613817,77.15935,30.07827,13.635344,67.08923,46.53843,1.8244638,1.4292179,55.24457,11.542282,3.463001,72.00308,5.082874,32.2091,78.57061,14.34189,6.36511,30.75511,3.435129,32.13422
G37,23.11009,6.566951,1.579247,5.376403,78.83175,35.06951,11.241555,58.85804,24.37405,1.1324035,0.7783837,62.4535,9.416245,2.630191,58.60393,-0.000644275,26.52898,67.49277,15.23862,8.807221,31.897,3.639706,35.49104
G38,26.7845,7.660362,1.746398,5.783691,76.1468,32.00265,12.174078,64.33072,25.94566,1.2076985,1.3553743,62.15213,10.655307,2.945909,70.49004,5.577286,30.11636,78.68969,14.23424,8.487143,31.8006,3.783337,34.39257
G39,20.2729,7.500113,1.812394,5.083982,75.85372,30.19576,21.059906,65.58368,64.15749,2.2543492,1.0924107,59.0723,9.700196,3.154565,69.47518,4.76906,26.87166,76.21657,14.40729,7.167556,30.38852,3.157407,37.67542
G40,21.69324,7.142712,1.644936,5.200953,75.49141,33.21655,21.928785,61.89084,55.43881,2.0584977,1.4229271,61.59335,9.311379,2.821218,70.98557,9.414381,26.15222,77.46054,14.46791,6.587479,28.76216,3.388502,32.40076
G41,25.39371,8.590291,1.616432,5.694564,73.48928,30.18009,14.791447,65.71635,27.22156,1.3446864,1.4910077,62.23876,10.066888,2.725285,76.0393,10.03122,28.48574,85.07046,14.21984,8.888435,37.41185,3.781265,34.78614
G42,22.38259,7.091853,1.626217,5.287122,73.25934,37.01015,16.633261,63.50944,27.48988,1.1302964,0.9375399,62.2503,9.370056,2.78843,73.16397,10.3959,26.37931,79.79654,15.41828,7.684297,30.69556,3.491787,34.2053
G43,24.34155,6.670879,1.684625,5.573771,80.08771,33.10614,12.296872,70.08228,29.99378,1.3831889,0.7004027,62.55685,10.157515,2.823754,63.4869,-5.242876,28.57166,72.75887,14.78918,9.05585,31.71194,3.643103,34.07639
G44,20.60255,8.23352,1.967071,5.098324,73.53811,35.02675,16.867511,58.11794,46.8582,1.457878,0.9225688,61.46669,10.20982,3.3123,65.33718,6.694239,28.05606,72.98478,15.62835,7.467528,29.02569,3.186567,39.11596
G45,26.83013,5.751097,1.777494,5.831348,77.89594,30.92997,18.292344,69.73777,28.19332,1.3304351,1.3004141,62.22822,10.904831,2.994158,74.15324,4.574096,30.4267,83.08353,14.83063,9.153181,37.43436,3.724251,35.08456
G46,21.68197,7.544553,1.563702,5.257217,80.93168,35.58593,11.070391,55.57292,24.57995,0.9611688,1.2875136,61.82475,9.041825,2.56216,57.05584,1.620418,25.88644,64.87374,15.26271,7.859278,33.20506,3.602884,35.67303
G47,23.70208,7.586977,2.045997,5.504833,75.80479,28.55078,21.953327,64.80431,51.52735,1.8401712,1.6175507,56.50515,11.387315,3.568723,70.52065,6.124164,31.16731,78.34266,13.73835,7.669701,32.16331,3.254205,32.41147
G50,21.20548,7.432745,1.651929,5.197262,80.08102,34.78771,12.87319,55.71521,26.63936,0.9498017,0.7355244,63.9762,9.356355,2.795755,51.3463,-4.885265,26.33017,60.07742,15.26819,8.42138,31.15002,3.387902,36.63524
G51,20.36825,7.017695,1.894653,5.068936,73.43301,32.51433,17.227711,68.05121,58.01053,1.8968661,1.0510904,57.641,9.932139,3.288924,73.35284,4.32248,27.47352,81.60772,14.69033,8.594106,24.67596,3.092571,32.85478
G52,21.05676,6.128196,1.751034,5.152995,68.80201,31.08807,18.705163,65.98413,58.07385,1.9214739,0.729886,62.00743,9.617685,3.02712,69.42339,3.707193,26.86912,76.3526,14.38732,6.937594,29.2645,3.254611,30.48876
G53,19.49794,8.020075,1.710908,4.963113,74.34653,35.02896,23.671497,63.93198,63.86707,2.0869178,1.1829497,59.07067,9.199433,2.945245,70.56834,5.024687,25.64945,78.97171,15.35171,7.726295,27.79506,3.191936,36.62449
G54,22.52677,7.39935,1.713056,5.338612,70.72738,31.69459,20.349439,64.31204,55.74162,2.1269433,1.043583,61.73002,9.815402,2.894818,74.49906,10.8869,27.59358,82.23124,14.62015,7.584369,31.0801,3.46623,35.33621
G55,20.84079,7.005118,1.758314,5.13454,76.5353,32.13102,36.636371,62.39634,68.81277,2.2044345,1.187529,61.5734,9.69199,3.039986,65.32448,3.445493,26.93729,74.23421,14.32578,8.653108,29.25478,3.223486,32.6511
G56,20.81844,5.454998,1.744791,5.101747,74.415,37.78114,19.354477,72.82771,56.42829,1.6547464,1.9685338,58.76581,9.365089,2.958684,75.04668,1.394783,26.47818,82.05536,15.58531,7.008455,24.58177,3.26627,25.90924
G57,27.94177,6.019766,1.7718,5.886173,77.34543,32.92584,19.0963,69.35435,24.52035,1.4202546,1.5004185,63.69273,11.075866,3.058306,77.63901,9.238487,30.73025,86.76265,14.9128,8.761552,38.79133,3.720536,33.1851
G59,22.56717,6.445688,1.825937,5.364263,73.41128,31.73363,9.881202,61.17992,22.74913,0.7646379,1.1463321,60.67657,10.238011,3.229527,60.90727,0.518638,28.08466,67.84592,14.44881,7.179102,32.14591,3.212299,36.0794
G60,22.28642,6.201123,1.732101,5.286035,76.08366,31.50928,10.095131,69.58514,24.07249,0.8721998,1.0434392,62.17963,9.852871,2.970936,71.91634,2.410414,27.49815,80.35935,14.55261,8.299145,30.7579,3.378817,33.81867
G61,24.42887,5.724521,1.683093,5.537935,74.19569,33.11793,15.567006,60.61858,23.15273,1.1393156,1.1866134,62.25003,9.76574,2.895035,68.59499,6.783058,28.20409,76.94805,14.66653,8.078395,35.89841,3.612554,35.39298
G62,23.66343,6.255528,1.934092,5.487473,74.296,30.97288,8.65366,61.42913,46.10938,1.6434983,1.185814,60.70494,10.867953,3.3629,64.89272,8.350249,30.04525,72.35303,14.54566,7.543353,28.84997,3.325451,34.02878
G63,23.46048,8.144049,1.75038,5.446181,79.26371,30.78742,14.739403,65.30002,26.3005,0.9926426,1.4683844,61.95977,10.099042,2.900443,63.7015,-0.286998,28.45242,71.93577,14.1243,8.219852,33.1775,3.563034,34.49565
G64,18.38015,6.497539,1.871123,4.914994,77.93265,32.6203,7.073037,66.87581,37.19896,0.8388138,0.9832007,61.36518,9.874367,3.282751,64.82659,-1.467604,26.49928,71.98235,14.66028,7.727648,29.98938,2.781528,36.92088
G65,23.85477,5.728541,2.045113,5.534377,74.08008,28.17887,14.645382,52.30488,49.24248,1.7495464,1.4937432,54.84059,11.381373,3.505804,55.37947,2.783825,31.18939,62.06222,13.81732,6.563013,32.11287,3.286858,30.02166
G66,24.01184,6.513541,1.88329,5.541493,77.47512,30.06508,13.763566,81.0024,55.09511,2.2617431,1.1792828,57.59243,10.753528,3.17137,83.03868,1.1162,29.74054,91.77017,14.42133,8.665695,31.53354,3.474985,31.58609
G67,25.88545,4.870315,1.596991,5.710493,72.29456,34.88487,19.774848,57.1293,20.64675,1.0093128,1.3658622,57.8447,10.10481,2.776763,63.23466,6.764029,28.43511,73.01693,15.48025,9.874901,33.32999,3.713868,32.16582
G68,25.37264,6.240621,1.588024,5.666329,67.27229,32.1211,21.956135,57.79209,24.86055,1.2557797,1.0372087,65.31115,9.907156,2.672418,61.27901,4.494469,28.24174,67.49241,14.60392,6.613712,37.77034,3.755373,36.0845
G69,21.72851,5.032237,1.578272,5.214626,78.9682,33.02997,10.982396,62.69554,29.5891,1.2151707,1.453541,64.60375,9.128462,2.6278,60.75505,-1.826947,25.72886,69.41249,15.17304,8.863141,30.72966,3.530817,34.75076
G70,21.92482,6.502742,1.659505,5.268212,83.55734,34.24842,11.439434,58.23501,24.46229,0.8365343,0.7071294,61.1532,9.394036,2.793426,51.76487,-5.816817,26.56524,59.37263,15.25019,7.695964,29.48155,3.462947,33.73573
G71,18.35576,4.735438,1.744297,4.838279,76.18273,45.30544,17.773216,64.37769,54.54996,1.7813921,1.2699091,64.6497,9.092021,2.964821,63.84075,-0.03888905,25.26924,71.81118,16.55891,7.71961,26.78234,3.074919,25.10535
G72,23.48201,5.432119,1.633435,5.375571,81.36038,35.12467,5.319628,52.83416,24.40984,1.0247722,0.8207952,63.4811,9.667838,2.6433,49.90481,-2.987709,27.10296,56.96547,15.1241,6.696951,30.17024,3.692817,30.9047
G73,23.01956,5.006918,1.733805,5.40943,79.6685,33.56573,5.021098,55.65855,23.75165,0.8850668,1.0308248,64.71525,10.00212,2.927572,50.12511,-4.887441,28.09293,58.97089,14.54595,8.830214,34.88991,3.44912,30.50059
G74,21.75054,5.56125,1.723011,5.277551,80.47887,33.70361,12.306814,61.31847,25.02761,0.8423946,0.897284,61.70338,9.650537,2.818396,57.6867,-4.210338,27.22753,66.57495,14.98162,8.793236,31.27687,3.508743,32.96026
G75,22.20819,5.444554,1.668372,5.028486,82.70655,30.43919,7.285363,57.50611,23.16866,0.8734532,1.2898146,62.02108,9.536992,2.836666,52.09917,-4.816092,25.66821,62.16459,14.3834,9.94652,31.07282,3.452836,31.64531
G76,20.81473,5.320897,1.683919,5.12296,80.22803,32.64331,7.771967,52.77435,22.09998,0.7439306,1.1681753,63.0913,9.240177,2.828929,47.99264,-4.427357,25.95028,57.14193,14.738,9.183215,30.50733,3.379574,29.11741
G77,20.64377,6.009538,1.629745,5.143716,81.26269,36.05441,10.468659,54.89338,24.86445,0.921452,1.0214745,62.00539,9.067155,2.732525,49.77164,-5.604097,25.76823,58.44388,15.55059,8.818841,29.47592,3.401364,35.67084
G80,23.40869,6.910096,1.664059,5.440564,82.31131,32.54478,10.415006,56.80132,21.54872,0.7975457,0.903333,60.34302,9.805904,2.757827,54.09472,-2.738428,27.51549,61.85754,14.7928,7.529815,28.94794,3.613871,34.17606
G81,23.4355,7.330541,1.702266,5.441479,81.65369,33.15291,7.383516,60.40563,24.64558,0.9553433,1.1953755,62.63265,9.956577,2.911564,52.66786,-7.552287,27.88648,62.73697,14.86807,9.718591,32.91795,3.481006,34.95108
G82,23.11905,6.951046,1.648357,5.407444,79.63384,33.52732,12.254229,59.20021,25.89601,0.9741755,1.2299158,63.95851,9.755618,2.806202,53.73381,-5.139853,27.37693,64.43931,14.98005,10.711187,31.14433,3.507354,37.27091
G83,23.3449,6.447036,1.624125,5.451657,79.18244,32.5066,5.923713,58.65342,24.54984,1.0236834,1.8195109,62.20211,9.513904,2.625493,53.02314,-5.179159,27.25405,61.4964,14.53122,8.433348,32.8329,3.717547,33.90499
G84,22.72886,6.63517,1.697258,5.146048,78.4792,32.03626,16.73868,60.21169,23.0542,0.9466699,0.9902388,63.89871,9.653328,2.906072,55.24783,-5.151977,26.29937,63.94314,14.74139,8.512411,33.12202,3.53412,34.36283
G86,22.96864,7.408252,1.882279,5.494732,75.86276,31.07243,18.955019,73.3184,39.50927,1.6423222,1.6372122,61.19802,10.116991,3.378952,81.78028,9.37974,29.68114,87.79332,14.14945,6.240233,32.51553,3.390024,33.46328
G88,23.74322,6.804781,1.70128,5.432551,79.14216,34.57183,9.116625,60.03869,26.7492,1.0398538,1.1626355,65.68188,10.0316,2.929575,55.78155,-4.922092,27.92729,63.56425,15.35997,8.071093,30.71185,3.543253,36.14528
G89,23.73216,6.567406,1.631434,5.491424,82.52386,35.0987,11.354665,58.11933,24.06388,0.9978991,0.9956976,63.50306,9.612476,2.622411,57.93386,-0.3496299,27.65477,66.56179,15.03177,8.549815,32.51084,3.77498,32.58583
G90,22.7644,6.525593,1.661934,5.404957,80.92451,34.79157,8.709092,61.17697,21.24051,0.7812964,1.7267533,65.18121,9.582286,2.719291,58.56425,-3.301952,27.68509,67.24057,14.86321,8.779587,31.34105,3.62534,32.86723
G92,25.67942,5.909096,1.701482,5.674397,80.8866,36.40324,8.443876,52.91037,20.51212,0.9411164,1.3124891,64.88534,10.401618,2.816976,48.98751,-4.019094,29.03726,56.00279,15.54939,7.778578,34.83273,3.781428,37.48859
G93,24.31245,6.357105,1.614769,5.489541,78.28636,35.35459,13.395178,60.42836,24.22073,1.0810388,1.326608,64.18706,9.676912,2.699024,57.07478,-3.671025,27.51224,65.61955,15.08873,9.123927,35.62615,3.732231,32.21426
G94,24.81785,6.282516,1.908522,5.627847,76.5627,35.11527,23.488971,80.25547,62.00642,2.6608841,1.3646846,60.6717,11.098447,3.359644,83.68986,3.751223,30.5292,91.13623,14.26974,7.403312,31.98193,3.346672,29.64268
G96,21.89628,5.218024,1.574469,5.332799,79.52991,33.70286,9.558293,54.96347,23.25736,0.9886502,1.2719613,60.81174,9.327073,2.655085,49.88797,-5.834239,26.20303,56.75491,14.97382,7.213779,28.73446,3.530735,31.0159
G97,22.56709,6.03488,1.746411,5.367852,80.61994,30.87663,7.879694,65.8828,25.35006,0.8875116,1.6960812,64.96565,10.01051,3.010475,55.50074,-10.20881,27.78123,64.31066,14.21534,8.729068,31.86048,3.345959,30.63482
G99,26.11791,8.117911,1.699978,5.762657,75.24715,32.17276,15.076019,71.15025,28.48083,1.3112493,1.5895021,63.63498,10.525146,2.902562,77.27958,6.580151,29.52516,87.04729,14.67554,9.826476,36.86102,3.688324,37.48381
G100,22.29833,6.276722,1.62081,5.334648,76.5943,33.49473,13.476192,64.81116,25.34078,1.015838,2.3196619,63.73889,9.458897,2.777104,71.02712,6.307513,26.71939,79.60043,15.17399,8.827226,33.5708,3.478835,35.51865
G101,19.93417,5.87669,1.767714,5.030452,76.83094,32.69964,8.924369,57.81253,52.06204,1.6557679,1.1516185,56.81497,9.569658,3.004877,60.04895,1.411794,26.39428,67.15504,14.87482,6.879079,28.97897,3.224818,32.31388
G102,23.92129,7.647383,1.793557,5.518715,76.8594,29.10132,19.260884,72.82945,27.01314,1.2047982,1.0793074,58.08058,10.365843,3.025805,76.5174,2.717355,29.03246,83.81073,14.19574,7.549947,34.14767,3.514891,35.36962
G103,25.2111,6.447412,1.67788,5.678391,79.16582,36.84419,11.149187,82.62015,28.25507,1.3384719,1.1764752,65.22412,10.183712,2.777592,81.89038,-0.2458837,28.78994,90.31455,15.37147,8.25006,35.06947,3.757966,35.89412
G104,24.36128,6.753103,1.604879,5.580488,72.23674,32.95542,10.853172,61.69489,29.05902,1.3184092,1.2513414,63.30525,9.833716,2.747625,70.1859,8.867525,27.91121,78.03686,14.81475,7.534322,33.20065,3.653186,33.27274
G105,24.06825,5.541072,1.678358,5.472828,77.09893,30.80042,6.763447,64.17255,23.27735,0.9638299,2.4724869,66.43746,10.42664,2.909225,65.02454,0.2018235,27.88172,72.06586,14.33959,7.181412,37.70046,3.459125,37.00636
G106,25.61894,6.522854,1.725506,5.646835,76.72245,35.51357,9.795753,65.01081,30.04034,1.4558374,1.1155909,65.8749,10.5157,2.986481,71.98536,7.361256,29.32902,79.27103,15.12023,7.212741,35.09037,3.563022,34.71046
G108,19.64525,5.675818,1.700125,5.022503,76.10336,31.10729,17.388434,58.64864,55.7102,1.8842578,1.3835716,65.75544,9.269486,2.956744,61.72798,2.637523,25.61336,69.84958,14.06261,7.984191,29.24638,3.1604,31.53599
G109,24.34794,6.095171,1.616085,5.587098,78.38813,31.07282,9.599154,71.55005,32.56538,1.5293735,1.1721348,60.27345,9.893655,2.746776,69.68037,-1.750964,27.96634,79.10518,14.50331,9.362478,30.83347,3.665573,32.52475
G110,28.96363,6.19409,1.966305,5.520196,75.59901,27.77611,21.909832,62.87657,32.96328,1.6563475,1.6806509,57.07641,12.132389,3.325593,69.06087,5.535202,30.48641,75.8546,13.25685,6.9562,31.4885,3.756257,28.22863
G111,28.52344,6.069943,1.689856,5.998355,72.98003,31.13756,13.86171,49.13765,21.50896,1.0784797,1.2371777,61.20109,10.820401,2.771592,51.91614,2.613098,30.73509,59.21576,14.49215,7.126231,32.93602,3.980959,31.69917
G112,19.95238,6.853477,1.898469,4.983082,75.22191,34.01787,16.73099,69.21137,69.9599,2.203669,1.0079983,60.29924,9.833494,3.257941,76.09319,7.205834,27.10086,84.96809,14.9359,8.952802,25.45208,3.066135,34.16612
G113,26.15121,5.922923,1.692848,5.755626,76.47224,31.10908,24.688402,69.27245,24.88819,1.0758211,1.2194178,61.96041,10.552995,2.899204,74.77103,5.73915,29.72726,82.04167,14.20469,7.29622,36.67169,3.697932,32.96877
G114,24.21481,6.76986,1.905099,5.552796,71.30735,28.01983,16.586971,68.05327,48.3011,1.7117248,1.5965741,58.28992,10.882002,3.232941,74.56484,6.59662,30.26086,83.12771,14.10102,8.51453,30.30419,3.406556,34.34145
G115,24.04039,6.914296,1.88126,5.522212,72.12696,30.81727,22.363493,64.90334,40.6989,1.5657817,0.9129378,61.91277,10.84945,3.208416,68.94331,4.49113,30.02671,76.69486,14.07523,7.866183,31.59479,3.392183,31.63246
G116,20.89212,7.174488,1.723043,5.14882,73.77878,33.58205,14.21691,54.90438,58.28246,2.1141965,1.5664498,63.28887,9.51857,2.960801,59.62734,4.692975,26.49405,67.47244,14.74823,7.624113,25.75884,3.284744,34.53706
G117,20.3125,6.987068,2.000982,5.039262,66.32702,30.98593,17.92314,68.38518,47.52987,1.6863262,1.271517,61.03965,10.160202,3.289583,76.91563,8.517035,28.13967,84.38664,14.23472,7.249857,30.43678,3.171855,31.65532
G118,24.97284,6.191672,2.196377,5.610305,73.9237,29.91158,10.848943,63.01016,54.90603,2.068482,1.1421678,56.3517,12.029287,3.758138,65.03344,2.839823,32.61216,72.24763,14.31043,7.330139,29.5886,3.282662,30.1604
G119,20.06586,6.397775,1.822394,5.028081,67.44552,32.10984,19.511793,64.37056,45.84443,1.5277273,1.004506,59.818,9.645382,3.194013,70.96669,7.73394,26.57419,78.79709,14.644,7.678239,29.6088,3.104796,33.14935
G121,23.13077,6.313378,1.916677,5.409771,75.4491,32.08308,21.832146,52.74522,43.24757,1.7225057,1.3878039,61.28202,10.69033,3.199452,53.7094,1.078194,29.58512,60.57827,14.49497,6.983911,32.93461,3.40104,32.13378
G122,20.91659,4.145325,1.875364,5.15776,69.2633,36.83207,28.800812,53.07315,57.07172,2.0335704,0.8745356,59.80804,9.880466,3.032727,57.15444,3.71303,27.7019,64.76669,15.16786,7.598615,33.25688,3.331382,24.70102
G123,21.25745,6.241473,1.584292,5.33655,79.24859,33.66215,18.459475,64.19148,26.10735,0.8717274,1.0508747,63.41146,9.248039,2.563184,60.08974,-4.794337,26.50914,70.24044,14.76635,10.116882,29.78817,3.479106,33.26808
G125,24.54999,5.107078,1.826421,5.559611,79.13471,31.06371,8.387329,56.14869,24.63601,0.9937355,1.360896,61.7706,10.606629,3.004355,48.8178,-6.386581,29.60265,57.68215,14.40909,8.69851,31.71235,3.594295,31.35924
G126,21.86295,6.343887,1.58727,5.255614,80.48119,34.28986,6.794446,55.56245,29.05048,1.2496884,0.9807183,61.86367,9.113472,2.607375,50.02158,-5.821733,25.96845,58.94064,14.90317,9.082673,33.29219,3.602832,32.47284
G127,22.29944,7.120103,1.687826,5.452621,79.1818,33.5357,6.973908,61.14037,25.53357,1.0190911,0.756034,61.52458,9.625203,2.815532,60.60996,-0.8009765,28.18391,70.02925,14.76454,9.263886,30.94318,3.559216,32.58936
G128,22.03227,7.091414,1.608161,5.273661,81.83173,33.19142,8.115558,61.06782,24.16721,0.9328239,0.9069011,64.6434,9.225643,2.631831,55.23659,-5.756888,26.29669,63.37327,14.70698,7.962972,27.1644,3.588375,34.27206
G129,22.01006,6.991332,1.579509,5.288667,81.03117,38.28957,9.329856,61.62039,24.87977,0.9727221,0.9940941,63.69115,9.20281,2.650942,55.03666,-7.029083,26.23498,63.30993,15.72076,8.030375,31.14764,3.531831,35.33862
G130,24.54955,5.782742,1.677879,5.628991,76.3134,38.42126,9.819084,60.51989,28.53901,1.322187,1.2134189,62.72185,10.079043,2.825341,54.11329,-6.696296,28.57365,63.10994,15.84728,8.931957,27.98428,3.6579,32.2212
G131,24.20781,6.542153,1.768689,5.546287,79.26415,33.61642,9.81586,58.98357,26.01423,1.1172545,1.0609006,63.16,10.380869,2.943255,56.71185,-2.932667,28.89737,65.04438,14.63988,8.321381,30.45665,3.561651,32.25233
G132,21.98551,6.063869,1.595482,5.294919,81.53233,35.5023,10.132802,57.28247,27.69367,1.1072111,0.829823,65.89647,9.361105,2.636609,49.98202,-7.563185,26.38589,58.80863,15.03179,8.705891,31.28105,3.568355,34.16876
G133,20.26776,6.255669,1.570628,5.07608,78.58796,35.43634,6.44029,58.66722,23.29644,0.7987009,1.116869,62.30892,8.761872,2.579397,55.6886,-2.109476,25.0553,63.87843,15.15027,8.168284,28.8248,3.496452,31.18193
G134,23.37856,6.331618,1.673532,5.455029,79.24961,30.84183,13.169621,62.83875,27.56886,1.1490409,1.2160462,62.15967,9.934362,2.782635,59.58172,-3.303763,28.00757,69.25479,14.26012,9.432147,33.01074,3.608718,32.9088
G135,22.23951,5.895998,1.69115,5.307624,80.14117,32.62653,5.877638,65.62145,27.96194,1.0151157,0.91628,57.11291,9.690938,2.819623,60.47341,-4.602727,27.14224,69.43585,14.99763,8.879969,26.43079,3.510836,32.19466
G136,21.66202,5.66411,1.56204,5.238807,80.72953,36.76081,10.201709,61.12582,25.9135,1.0382168,0.8755218,62.09038,9.120429,2.576999,55.8724,-4.535986,25.80759,64.17132,15.20019,8.533332,27.72353,3.595925,33.58224
G137,23.88939,8.35624,1.65007,5.479891,75.90284,35.60307,9.540528,56.90712,27.56591,1.1695952,1.13473,62.69487,9.75094,2.753712,51.67508,-5.353646,27.66826,59.88969,15.09017,8.342864,35.33793,3.623094,39.34525
G138,21.29375,6.455049,1.680784,5.17319,80.23362,33.07961,8.405393,63.67148,23.4038,0.9448266,0.7341621,63.52087,9.388487,2.835643,55.1653,-7.867607,26.21293,63.40785,14.93518,8.268184,29.16287,3.40926,35.26803
G140,22.3628,5.450621,1.597487,5.363899,80.46576,33.86397,12.294737,58.22619,25.45128,1.0786433,0.8283638,64.13543,9.43054,2.730706,53.15598,-5.725799,26.73923,62.22264,14.8058,9.218742,33.20404,3.532039,30.37621
G141,22.81762,6.192235,1.62078,5.366345,79.37322,35.84752,9.702187,55.98946,22.84088,0.8877511,0.9396269,64.92756,9.583291,2.734117,49.40679,-6.26791,26.95048,58.21124,15.49339,9.247777,34.48528,3.549186,34.81037
G142,19.55423,7.188474,1.75413,4.998863,75.02376,29.71536,15.94518,65.04432,64.78095,2.1042406,0.89031,59.00027,9.430872,2.982263,74.00679,7.632839,26.2017,83.2127,14.15205,8.905633,27.48025,3.212327,34.7162
G143,18.3469,5.696034,1.721925,4.851564,75.81361,37.65796,22.951527,67.39216,62.94532,1.786422,1.1629712,61.87127,9.004948,2.970929,77.17978,9.863817,24.99961,84.3182,15.5839,7.349211,27.05509,3.062146,31.06916
G144,20.18378,7.338926,1.659606,5.070459,74.68577,32.76806,18.480435,68.52987,57.21888,1.9973084,1.4180604,60.71664,9.191182,2.854151,79.8495,11.11742,25.8148,87.70879,14.86655,7.919975,27.58688,3.269699,35.69452
G145,20.38281,7.167887,1.717017,5.060174,72.26339,33.8914,26.586495,63.29235,63.05919,2.0100684,0.8564438,68.95181,9.347052,2.925942,73.82758,11.54224,25.96004,81.8352,14.85815,7.723423,30.38613,3.246538,33.63405
G146,21.61163,6.964645,1.692038,5.227797,80.13776,34.63886,10.282771,62.83451,29.72697,1.097663,0.7637261,60.02392,9.551806,2.880585,61.63355,-1.08227,26.73526,71.47135,15.14124,9.884451,29.18278,3.37952,34.80544
G147,23.6875,6.472486,1.71676,5.474493,77.7938,38.78635,11.826991,66.65864,28.1717,1.0869299,0.5870611,61.93986,10.067053,2.920874,67.41435,1.056638,28.1556,76.82787,15.83587,10.138673,28.30261,3.509259,37.29219
G148,23.50036,6.719468,1.576185,5.449285,76.48131,33.54467,9.555943,57.23323,28.65455,1.3388545,1.3955234,62.76385,9.475965,2.625934,60.94601,4.370518,27.00407,69.71716,14.91474,8.684363,32.48889,3.677987,35.42404
G149,21.41569,6.26801,1.613557,5.233079,77.31893,35.48948,16.943993,65.273,28.15947,1.0489205,0.8480536,60.90602,9.275824,2.781432,65.09284,-0.6826751,26.27958,73.49087,15.30218,8.403431,31.71608,3.419854,34.58656
G150,23.14237,6.550007,1.601672,5.354396,77.848,34.43525,7.503213,59.3152,24.72009,1.0739164,0.9094879,62.7691,9.473999,2.67386,56.23967,-2.481071,26.78706,64.97977,15.25364,8.028436,29.52995,3.630149,36.97239
G151,24.30629,5.937028,1.846934,5.502241,76.95436,34.46391,21.634131,64.37422,61.01274,2.638775,0.8589814,60.8499,10.612903,3.149018,66.67258,2.230649,29.34316,73.75294,15.34109,7.760588,30.01257,3.436022,31.10888
G152,24.49588,6.331934,2.143949,5.547478,75.79361,28.35729,11.471583,63.43617,59.7635,2.1156254,1.1646217,61.66383,11.688683,3.673307,65.48581,2.880618,31.91194,74.38167,14.07662,8.921292,29.67804,3.27678,30.25287
G153,29.90218,6.268009,2.102015,6.130428,75.85644,27.4353,11.201944,66.4997,24.23564,1.1811052,0.9549408,58.92426,12.659553,3.425117,63.71942,-3.934044,35.09382,71.40765,13.67858,7.902186,33.94555,3.721976,28.61197
G154,28.27727,6.359317,1.651718,5.925804,78.40196,33.07166,25.370109,84.17786,26.27019,1.5001335,1.540782,64.35589,10.658824,2.771613,86.48442,3.262203,29.89948,95.92592,15.00795,9.134006,41.93894,3.916238,35.28529
G155,22.73793,6.673712,2.167752,5.335668,77.22282,29.70064,21.563977,70.77018,57.85427,1.9172696,0.9668245,54.25079,11.284949,3.707015,66.84857,-4.34299,30.85991,75.42082,14.10388,8.365158,30.72743,3.15421,32.82186
G156,24.09634,6.601529,1.9932,6.33853,74.42875,33.05939,17.256577,77.11026,38.17897,1.4622724,1.4102519,59.89927,10.759527,3.298623,85.1274,7.741141,35.35607,96.16174,14.91777,11.10155,35.27357,3.395145,34.09689
G157,20.84918,7.269802,1.856134,5.166911,74.8413,34.28999,15.724169,72.22137,66.89893,2.3696881,1.3379501,63.09749,9.943664,3.208697,78.89956,7.310676,27.57308,87.20715,14.83541,8.1685,32.32097,3.137641,33.28057
G158,23.83787,7.260512,1.817528,5.498898,73.1679,28.63663,23.564182,68.49396,62.97412,2.5572678,1.4886149,57.82965,10.58221,3.23531,80.17931,11.81032,29.24928,87.24167,13.94283,7.07605,29.79046,3.325808,32.61688
G159,20.80584,6.946286,1.753868,5.143761,77.7915,32.33867,20.199658,74.25363,51.12308,1.7389085,1.0570767,62.4846,9.706693,3.117966,77.64784,4.005803,26.8305,83.80029,14.67805,6.553421,30.46634,3.141738,34.07408
G161,19.76787,6.392695,1.855558,4.97196,75.638,31.11023,21.971841,61.46982,62.00144,1.7339604,1.6003198,57.16646,9.699132,3.250769,68.21083,6.012408,26.69314,74.90681,14.57146,6.756604,27.91567,3.06116,34.3697
G162,22.85653,6.130644,1.881346,5.359704,70.64779,31.58777,32.191064,67.21545,61.18503,2.4474166,1.3206783,63.00662,10.465359,3.277287,70.99592,4.81486,28.99358,80.11124,14.622,9.104368,33.59612,3.264693,32.61605
G163,21.88774,6.783622,1.801319,5.273243,73.47166,31.2145,23.7522,71.55587,70.46959,2.5745648,0.7860916,59.65882,10.004709,3.122483,74.2731,2.45691,27.8051,82.50111,14.3721,8.205982,31.9686,3.265593,33.02414
G164,20.38232,6.764842,1.755086,5.068948,71.95915,30.90831,26.661727,66.30484,58.29611,2.0885905,1.4390753,59.98644,9.484081,3.0169,75.56579,8.983517,26.34301,82.97737,14.3052,7.066504,27.21121,3.214974,31.44476
G165,21.59656,7.699678,2.060181,5.148361,79.49118,31.16592,20.692863,63.79653,55.34193,1.6713817,0.9791902,53.14519,10.941479,3.498997,66.90631,2.201525,29.13032,74.29566,14.46842,7.088231,25.28963,3.121488,35.6226
G166,24.44135,6.410833,1.697628,5.538147,68.68445,32.47306,24.307626,70.19294,50.36325,2.0974676,1.5323464,60.92419,10.082036,2.842238,87.61948,17.87512,28.44229,95.08788,14.79065,7.202533,31.16504,3.614706,36.54093
G167,24.13836,8.119089,1.743705,5.535935,77.8856,30.92507,24.866962,70.65067,74.68777,3.2124915,1.504177,59.7374,10.296842,2.915596,79.86839,8.844461,28.66822,87.68676,14.2586,7.625519,32.82935,3.590442,34.65741
G168,25.39961,6.27503,1.693911,5.674618,70.268,31.68664,11.323176,76.63533,25.52995,1.1780331,0.9217508,60.26949,10.267431,2.84404,88.93275,12.32332,28.90336,98.02806,14.66721,8.992538,34.15964,3.708826,32.81941
G169,19.99307,7.467543,1.913999,5.058072,76.44279,27.97714,19.155213,68.31444,56.02415,1.7773023,1.3711346,53.99611,10.072526,3.310542,72.94294,5.136088,27.68502,79.61651,13.64962,6.599387,28.25787,3.069915,32.86636
G170,25.55701,6.013496,1.832147,6.093302,75.50497,31.62499,13.23467,73.7035,34.93477,1.5389999,0.8167788,63.11998,10.86236,3.068525,83.79644,9.12039,32.64198,90.50752,14.349,6.629657,36.66313,3.545069,33.68466
G171,18.1033,7.032297,1.768551,4.751204,72.48581,34.74225,11.59995,62.62891,50.05198,1.3514868,1.9242277,62.47181,8.928587,2.966162,66.69438,4.443474,24.94462,72.30809,15.45275,5.324568,27.23177,3.087005,30.39907
G172,18.07362,6.585018,1.602489,4.784921,77.43858,32.4404,9.689466,61.85251,56.26969,1.7518779,0.9454593,60.05917,8.394611,2.674083,64.27721,2.454663,23.76161,68.39679,14.29691,3.832363,29.82921,3.185466,29.60134
G173,18.98188,4.800542,1.768515,4.870807,75.44577,35.15962,10.731471,58.1636,67.48029,1.8508918,1.3544518,57.22138,9.055391,3.085603,64.43244,5.196839,25.37085,72.22269,14.88423,7.791992,24.35453,3.037783,30.13613
G174,22.56185,8.295057,1.723745,5.409988,74.00888,29.44156,21.361142,73.16569,55.18601,2.3420927,1.362925,60.27507,9.9427,3.004551,80.18096,7.025315,27.92853,87.82996,13.99662,7.421818,34.30305,3.384915,35.04743
G175,24.94921,5.890958,1.637943,5.798554,75.60421,36.60878,9.429774,57.42423,37.82084,1.688697,1.1577951,63.704,10.519536,2.712411,77.21234,20.23261,29.5209,85.56314,15.53479,8.465933,33.99439,3.650233,31.72419
G176,22.56311,5.812361,1.54782,5.323252,76.89132,32.60298,9.033384,67.47398,22.88566,1.0389203,1.4225575,63.99889,9.294368,2.592881,67.16071,-0.1126821,26.3441,76.12082,14.69559,8.662966,32.51631,3.601848,31.60084
G177,27.20277,5.95211,1.789895,5.878196,76.61087,31.49399,20.801916,72.68295,22.62365,1.1214753,0.9038894,62.15934,11.18817,2.981655,80.03474,7.17438,31.0506,88.79844,14.11317,8.576435,38.58517,3.757612,31.50563
G179,18.07656,7.865561,1.732469,4.791927,72.25947,33.23442,19.296348,66.91566,52.42742,1.4480823,1.0675208,65.30201,8.886439,2.991184,78.84118,12.23189,24.61185,86.95072,14.94571,7.625681,28.07894,3.013955,37.68086
G180,27.30487,6.723511,1.670265,5.942282,70.85143,39.2052,23.492157,79.89293,25.71743,1.3451746,1.0747149,60.31672,10.517143,2.567111,78.42168,-0.4440764,30.44992,86.9393,15.58763,8.352199,35.12912,4.077154,35.58078
G181,25.69306,6.691976,1.79063,5.747216,76.47775,32.48386,8.22871,64.70172,18.94358,0.7681856,1.2088732,59.30767,10.757573,2.906475,64.8266,-0.3884075,30.32107,73.3271,14.80314,8.828466,36.3319,3.773112,33.16797
G182,29.84108,6.408522,1.808797,6.147806,80.05053,32.74143,13.477308,65.24283,26.63941,1.3963469,1.8305745,62.03904,11.413017,2.925601,68.91033,4.726497,32.48867,77.07043,14.734,8.542259,35.04555,3.99632,33.89948
G183,28.66612,5.463374,1.569365,6.039071,78.34866,34.29744,12.006606,69.30803,26.3305,1.3269407,1.1452522,61.70728,10.383785,2.526426,66.3925,-2.66837,29.84119,74.30461,15.01318,7.43796,36.76409,4.186416,32.05279
G184,26.33494,5.027284,1.633017,5.766594,76.54369,30.93715,6.569379,64.26284,26.27096,1.185626,1.1065294,61.01137,10.287842,2.693064,62.91516,-1.773676,29.37732,72.18975,14.29183,9.410256,33.92273,3.929266,29.29826
G186,25.95314,6.571778,1.748062,5.930579,81.26204,29.58871,23.930466,69.6433,38.77266,1.6903099,0.8523449,58.41921,11.212639,2.81238,69.61978,-0.2706936,30.90113,79.84159,13.61414,9.927356,34.61755,3.656931,30.11119
G187,28.70198,5.714142,1.980646,6.036732,75.02923,31.34295,8.496371,72.07019,21.12345,0.8703602,1.0707192,54.87838,12.183297,3.257483,73.42533,0.2489418,33.44189,82.08306,14.46064,8.775254,33.24552,3.798424,30.71533
G188,21.37451,5.285506,1.835528,5.203486,68.47132,32.42143,25.872509,57.16023,47.95737,1.7591985,1.1980005,59.90767,9.96991,3.117611,59.56157,3.2292,27.67685,66.94433,14.64436,7.657663,34.03856,3.262154,30.7595
G190,19.85955,5.619417,1.992377,5.02148,67.93143,27.74194,16.697362,57.38776,58.37464,1.8916362,1.262461,54.56875,10.195283,3.423029,66.12437,9.315458,27.74316,73.31599,13.86228,7.201035,28.80045,3.04517,29.41641
G191,21.43564,6.799656,2.066686,5.253792,76.3967,29.24119,12.247874,61.36713,51.88813,1.7988907,0.8034306,49.71997,10.847702,3.524966,65.48682,4.131635,29.65986,73.06402,14.3807,7.901876,24.96987,3.132516,30.71411
G192,23.36046,5.46035,2.125035,5.431245,67.66418,30.4395,15.008643,51.55302,51.20786,1.8606944,1.1004045,60.04203,11.37641,3.579611,62.91878,11.46939,31.11379,70.71885,14.10957,7.549591,31.76417,3.259422,28.71848
G194,23.76612,5.369216,2.334997,5.447531,75.07603,28.43157,14.893202,59.01235,49.06914,1.2925146,0.7652405,54.46471,12.073518,3.95908,59.38559,0.4030041,32.74393,66.58105,13.90867,7.248529,29.23725,3.155114,28.9923
G195,21.00274,7.255513,1.883481,5.136261,76.36424,28.73162,15.537702,70.45972,59.76564,2.1983802,1.6282044,58.16218,10.012413,3.251155,73.99132,3.402695,27.89765,80.05435,14.15326,6.385795,30.60386,3.238805,35.52557
G196,20.76239,6.798802,1.829794,5.128021,63.62105,31.1835,12.249335,55.64925,43.85805,1.519728,1.4797875,60.13228,9.941516,3.136928,63.19108,7.868455,27.21766,69.94142,14.52992,7.123227,30.12359,3.212551,32.27452
G198,21.64197,6.438916,2.449958,5.235597,75.74165,27.12385,29.945135,64.19868,51.18148,1.2207917,1.1518038,54.28723,11.879006,4.180984,72.75049,8.240737,32.32386,80.86355,13.74902,8.844978,31.20355,2.923927,31.95997
G199,22.95815,6.456526,1.732457,5.399856,72.78571,28.90077,26.796559,55.5577,48.95644,2.0134043,1.5135928,60.38532,9.936948,2.92355,65.6728,9.656574,27.98258,75.12057,13.81049,9.275213,35.48084,3.492713,30.20608
G200,21.84498,6.38925,1.923566,5.345977,66.0267,32.50563,21.044404,60.79199,52.34135,1.6527486,1.1192635,59.86321,11.012851,3.223526,65.47332,4.092642,29.33287,71.69528,14.73175,6.379219,33.92464,3.153366,32.28657
G201,22.24142,6.130673,1.928618,5.318363,74.02371,33.22676,11.2753,66.32145,51.56444,1.9585148,1.1416103,61.54811,10.546734,3.263775,67.06008,0.5869676,29.01188,74.84405,14.59973,7.795738,35.56369,3.302792,30.01627
G202,29.00766,7.670042,1.735829,6.094611,71.60002,32.21251,16.417446,60.71171,21.87926,1.2347053,1.8444639,62.23074,11.330586,3.054446,60.62398,0.193514,31.6747,68.47291,14.59852,7.749215,38.18103,3.782017,35.26265
G203,18.58091,6.935053,1.722607,4.868355,65.90542,30.1025,19.117736,64.14416,47.813,1.4640067,1.1693227,61.21635,9.029147,2.977492,69.28332,5.261146,25.32272,77.1509,14.34515,7.785833,30.62074,3.066323,33.72801
G204,19.93747,5.428825,1.690758,5.030622,81.86876,33.26649,9.935582,69.12589,30.72254,0.9162509,1.0769549,59.3055,9.077897,2.919737,64.50152,-4.47074,25.62609,72.9946,15.09261,8.420604,27.62674,3.226494,33.54671
G205,21.7835,6.635016,1.540289,5.268926,75.69949,31.77446,8.348408,67.24105,26.16615,1.1560155,1.239021,65.86011,9.024608,2.530618,66.58812,0.1327725,25.69746,73.9672,14.26944,7.616059,35.09108,3.602583,32.42636
G206,21.31375,7.110462,1.793369,5.211354,68.46979,30.8331,17.691544,63.01229,58.86617,2.0879807,1.1608015,61.9853,9.924662,3.078695,71.39917,9.68407,27.27818,79.55627,14.53585,7.875625,29.83341,3.24997,33.56209
G207,25.59333,6.160082,1.6715,5.6992,72.64347,33.49904,14.968537,64.42714,27.53729,1.2111914,0.6718823,63.74998,10.260325,2.837596,72.6086,7.508496,29.02624,82.25868,15.04211,9.506038,39.60296,3.699474,35.76031
G208,22.49594,5.406344,1.886789,5.372135,62.7253,33.03025,20.336471,55.14101,46.34363,1.8062973,1.1615179,60.45453,10.516309,3.204381,65.26874,9.354876,29.16107,72.24419,14.86836,6.629447,32.34715,3.328348,30.07152
G211,28.31159,5.1522,1.654749,5.94012,75.70742,37.2509,20.561785,58.10209,19.15354,1.1236341,1.3328994,51.99373,10.628721,2.729614,62.25229,5.063399,30.07494,69.88727,15.68031,7.414994,35.47301,3.984526,32.95234
G212,22.00162,6.712403,2.129734,5.256014,70.38992,30.21201,19.804134,64.32067,45.11256,1.3555238,1.328738,54.71406,11.076034,3.685865,71.27098,6.660961,30.06216,77.34373,13.91614,5.623464,27.33016,3.10546,30.1907
G213,22.76205,6.514625,1.905516,5.383551,72.50451,29.82902,24.664936,63.88365,56.10008,2.1371008,1.0433345,58.89897,10.562133,3.378398,70.82803,7.296186,29.24649,78.86993,14.43958,7.815695,30.70181,3.194276,32.60804
G214,22.66022,5.708971,1.995977,5.284967,65.27784,29.39839,21.292186,52.46878,46.0134,1.5715653,1.3168216,58.46915,10.786099,3.382992,57.69362,5.789023,29.33236,63.89596,13.94228,6.449131,30.41834,3.241367,29.54591
G215,23.49388,6.791237,1.96037,5.46994,75.21879,34.63321,15.691573,68.65179,48.06094,1.8330381,1.1699276,58.12645,11.01163,3.395494,73.00448,4.969698,30.05911,79.61326,14.89866,6.459924,34.60554,3.304381,30.75887
G216,25.42057,6.518639,1.727269,5.670054,67.09175,35.67594,11.850575,60.58011,23.24914,1.1317217,1.2158076,68.35863,10.469347,2.95077,70.24378,9.900305,29.47923,78.70456,15.3306,8.052122,43.06479,3.641543,37.83997
G217,22.00663,6.643103,1.714461,5.30599,79.32371,33.40038,13.110585,67.28604,24.39884,0.8981366,0.9349951,61.99406,9.816757,2.85885,62.73263,-3.74004,27.265,71.25202,14.76136,8.617041,29.63196,3.46545,35.87079
G218,21.11602,6.535928,1.907438,5.138154,66.27725,30.30929,18.167546,55.49583,54.19015,1.8161735,1.4765232,60.97163,10.138974,3.278796,60.67107,5.525349,27.7983,68.43878,14.37242,7.795147,29.86127,3.169839,31.66766
G219,22.68511,8.031489,1.548018,5.392903,77.49818,36.11046,9.469629,68.95683,31.9756,1.3746267,1.1868109,66.84365,9.275171,2.58162,67.25352,-2.193142,26.51294,75.07213,15.38141,7.794893,31.34491,3.622525,37.51103
G220,23.01147,7.956206,1.685611,5.364311,78.05832,31.79606,15.523964,67.73385,32.02394,1.4209059,1.092395,59.84505,9.819889,2.86443,61.75082,-6.909567,27.45325,70.12959,14.68717,8.446437,30.19346,3.49136,37.40447
G221,21.79953,6.245915,1.704954,5.40363,79.52438,34.9623,10.580921,70.65268,31.1309,1.1328157,1.124222,62.6015,9.40176,2.965758,67.76062,-4.319289,27.5241,77.32192,15.29311,9.362726,31.88991,3.326852,31.82509
G222,26.62316,5.990401,1.777018,5.817586,69.03605,30.54461,16.937363,56.79312,34.81139,1.56941,1.1001452,64.04077,10.966847,3.011781,57.4585,0.9846938,30.4387,66.90565,14.24608,9.545671,37.08031,3.689472,31.80986
G223,25.30052,2.868821,1.878407,5.629429,68.45425,26.2024,6.796265,60.94313,19.83177,0.8435204,1.5338233,64.98014,11.080239,3.301469,62.47961,1.879572,30.29424,70.05851,14.22414,7.694178,36.10244,3.397823,27.50089
G224,20.20812,6.664079,1.966005,5.04421,74.0699,28.9943,20.571814,60.45541,62.5026,1.7110838,1.9756419,57.26609,10.196479,3.450933,67.35913,7.291206,27.90351,73.38846,13.7792,6.447416,28.96812,3.018869,32.05427
G225,22.83821,7.303069,2.083337,5.336242,72.72711,26.59023,16.473255,71.15336,54.21822,1.9776503,1.7835381,53.60418,11.113956,3.629915,77.72587,8.153914,30.40218,82.3854,13.94298,5.120437,27.61676,3.152009,30.63234
G226,24.0162,6.558431,2.043689,5.506392,69.57015,30.05457,17.344167,58.19789,49.12438,1.8094037,2.1451402,62.58878,11.347485,3.567892,64.82885,6.880343,30.78866,71.80123,14.2131,6.873399,34.56574,3.238558,31.35027
G231,23.91724,7.186415,1.772382,5.505271,72.57721,30.3611,11.553123,55.96372,21.8684,0.971936,1.2131776,63.90136,10.387523,3.113394,58.17824,0.7502993,28.73429,65.40018,14.31758,6.677252,38.11843,3.375595,30.56932
G232,26.21343,5.981571,1.727965,5.777054,70.58216,33.74943,6.468532,65.90874,20.75481,1.1298061,1.980341,66.78661,10.657061,2.949927,66.42547,-0.4310462,29.83347,72.25068,14.57493,5.700359,44.50135,3.722843,31.70355
G233,24.28866,6.209222,1.772625,5.533749,71.68899,35.30126,10.169555,62.93313,22.23773,0.9174177,1.7254967,67.5286,10.357595,3.064696,62.92276,-0.06854872,28.68424,70.45697,15.31844,7.708795,32.2357,3.481115,34.24555
G234,23.31223,7.160149,1.920996,5.453165,73.76442,33.8943,19.93488,64.83213,57.44687,2.1765317,1.0003228,62.73395,10.710052,3.310045,68.35874,4.504331,29.6562,75.74804,14.8334,7.598172,35.53847,3.335937,33.34787
G235,23.44093,6.92382,1.738459,5.454777,76.34436,33.21344,12.561655,63.64795,27.34121,1.1316397,1.3683841,63.59484,10.226525,2.974591,64.31193,-0.1365286,28.34381,72.48138,14.62851,7.922808,34.30938,3.457451,29.7707
G236,24.69329,7.111983,1.783571,5.012222,72.35818,31.6321,16.605451,73.17331,39.14396,1.4557837,1.3517514,55.58963,10.732921,3.108704,82.53995,9.318084,26.40232,88.56594,14.44585,6.367418,25.84821,3.435381,35.65232
G237,19.85151,6.935977,1.707162,4.999845,77.12151,27.83748,24.699189,74.37145,54.67643,1.7191973,1.4874503,58.25102,9.160488,2.949328,77.99501,3.756353,25.51319,85.07735,13.86877,7.776483,26.39403,3.180422,34.3493
G238,22.04493,6.777311,1.835141,5.270423,75.78953,32.04154,22.887935,72.05801,53.92835,2.0732312,0.8954546,57.96454,10.039985,3.103526,80.81102,7.703979,28.09,88.7773,14.76384,8.085768,30.94489,3.290101,33.51237
G239,20.94633,6.274591,1.76862,5.178859,75.71269,29.90972,21.168578,64.50588,48.19085,1.6887937,1.3036906,57.86524,9.662819,3.055309,67.62427,2.921431,26.99743,74.23728,14.15098,6.587592,31.53696,3.228714,30.56429
G240,21.16432,3.40687,1.525807,5.207662,78.015,36.85371,14.069173,65.74715,24.86574,0.9860697,1.1445284,64.98219,8.925464,2.55269,67.00365,0.7208562,25.37995,75.66466,15.49744,8.458384,36.97831,3.531032,26.21942
G241,18.63539,5.177415,1.639604,4.810469,83.33888,38.19404,10.503785,67.92437,24.97754,0.814787,0.9654349,64.50875,8.666345,2.808072,64.02152,-4.020918,24.2208,73.31327,15.89761,9.02605,26.34717,3.15363,31.42989
G242,21.37174,4.488541,1.85697,5.134385,79.00441,41.84572,14.995106,63.05348,39.17823,1.5101378,0.8724037,63.87302,10.020396,3.128799,59.35892,-2.950171,27.57946,67.04308,16.40771,7.468618,27.56462,3.273427,23.88466
G243,21.70276,1.56309,1.530119,5.264584,80.10417,42.13097,9.845933,67.64518,27.93696,1.2621375,1.0490713,70.85512,9.013658,2.56093,65.74909,-1.637756,25.70759,75.85088,17.23083,9.71095,32.00154,3.605286,22.29228
G245,21.2911,5.596193,1.619592,5.197627,70.54136,33.51516,8.503793,65.06947,22.91299,0.875317,1.1562621,66.10877,9.247056,2.660646,67.3112,2.659737,26.17071,75.94748,14.65351,8.493803,33.57272,3.522424,31.48911
G246,21.63308,7.053102,1.59142,5.250894,76.94491,32.82201,16.14576,68.2933,25.9462,1.0370591,1.3400433,63.50916,9.223573,2.640737,71.2997,2.80285,26.05975,79.01279,14.48338,7.698984,31.99848,3.549609,34.84161
G247,24.3878,6.700217,1.730682,5.531551,77.11883,35.96821,17.077663,71.16697,25.69288,1.2038995,0.8783749,62.93729,10.32743,2.905871,72.41127,1.900817,28.67316,81.20052,14.92861,8.938793,30.2216,3.590381,34.71634
G248,21.22922,5.170971,2.084217,5.18979,74.55451,39.82425,20.084359,52.9624,55.55384,1.6943763,1.0064479,57.26067,10.695893,3.546925,59.21823,5.916693,29.26032,67.19239,15.92745,7.457296,29.71252,3.113509,31.10309
G249,19.68853,7.19515,1.541031,5.023762,82.8178,32.64724,11.533574,76.2945,27.084,0.9928502,0.7716968,63.66493,8.651905,2.552759,71.55811,-4.677894,24.46287,80.27751,14.3972,8.439836,31.49417,3.433753,34.03144
G250,19.43773,6.697355,1.524523,4.972146,67.57588,33.0835,10.579593,62.93598,21.58084,0.9088274,1.4642822,66.43811,8.486105,2.546605,70.97134,7.764541,24.34996,79.36449,14.38736,8.005051,31.92636,3.423257,33.81854
G251,24.08078,6.658479,1.718005,5.584542,72.67094,33.41733,10.115001,68.02453,23.08066,1.1327557,1.5260487,66.03653,10.233621,2.841036,66.99377,-1.022345,28.6707,74.83846,14.87717,7.857369,36.93516,3.682805,31.51366
G252,22.08283,6.920423,1.607546,5.298161,77.0539,35.90943,11.124128,69.77243,27.06327,1.1112374,1.4814881,64.95873,9.353692,2.707882,73.6145,4.208683,26.35369,81.12819,14.96004,8.158055,31.57208,3.517896,34.51799
G253,21.79992,6.553255,1.657686,5.276228,79.28192,35.49261,13.338114,66.23308,23.77317,0.9050782,0.9274704,63.12131,9.45084,2.800634,61.2285,-4.829935,26.74054,70.34765,15.10091,8.987453,32.1574,3.463952,33.08182
G254,22.87899,6.641778,2.189739,5.341479,72.40451,28.5251,14.083737,72.73336,55.73726,1.9942534,1.5797732,53.28091,11.438137,3.788873,81.39782,9.314175,31.17373,87.18409,14.03809,5.751252,30.52671,3.135567,31.38441
G255,28.40349,6.431527,1.814961,5.99466,74.78227,31.1165,10.406373,68.52508,25.8953,1.2189699,0.7602845,56.97106,11.461391,3.071026,75.86267,6.917798,31.6784,84.85636,14.31762,8.730057,33.18038,3.795735,33.86002
G256,26.68488,5.678337,1.709571,5.644301,80.03922,34.51289,10.930191,66.29479,16.45829,0.8459922,1.6142382,63.28053,10.550334,2.905986,57.16593,-9.539845,29.51569,67.32581,15.31769,10.262084,37.98417,3.740134,32.00849
G257,20.01306,6.295697,1.56391,5.028571,75.77025,34.36274,12.388947,72.10212,21.57378,0.8348031,1.1984927,63.62022,8.847865,2.667496,68.68141,-3.90877,24.78541,78.71808,14.82001,10.019518,36.52449,3.385304,31.18132
G258,20.5718,1.467815,1.50313,5.077975,84.54601,41.99662,20.947224,56.34074,20.52487,0.7771768,0.4985915,66.10315,8.579199,2.468438,51.20958,-3.898814,24.48063,60.69858,16.82832,9.595345,31.93737,3.553962,28.36671
G259,23.29905,6.60732,1.588334,5.459592,73.72619,36.68224,10.980368,61.69615,26.89702,1.284554,1.5024117,66.23795,9.611135,2.644748,67.72712,5.228059,27.22508,76.14295,15.23394,8.233806,38.31755,3.714116,32.42514
G260,23.96823,7.419975,1.768259,5.511957,78.41794,31.89718,9.790783,56.01198,22.42039,1.0170024,1.4569975,62.24646,10.265031,2.879184,59.77042,4.848115,28.7585,67.60791,14.32662,7.941742,31.3596,3.629087,31.57196
G261,25.37573,5.635022,1.677047,5.709323,77.54165,29.68642,8.913262,62.77253,29.46389,1.3879131,1.0424576,63.43053,10.274292,2.725748,67.92128,4.722651,29.03,77.62947,14.25455,9.900436,33.46719,3.851224,31.29873
G262,24.98447,6.962359,1.602166,5.648881,76.55971,30.75313,15.192684,62.32812,28.49222,1.5018668,1.1441739,63.75172,9.849497,2.607573,63.68268,2.351324,28.26866,72.69386,14.01283,9.01072,38.63066,3.844024,30.67635
G263,23.79806,6.260844,1.629184,5.469645,79.47709,32.47188,16.750337,59.48982,27.42913,1.1210543,1.2177692,60.03959,9.637308,2.662364,57.44378,-2.664713,27.73678,66.24287,14.70766,8.493296,32.21507,3.751008,34.8215
G264,24.81622,4.932272,1.646601,5.608546,78.73206,36.60634,10.247324,56.59049,30.01375,1.3661883,1.1006018,64.33004,9.873196,2.58758,55.26345,-1.250433,28.52539,64.33266,15.30492,8.952209,37.48139,3.899052,33.90772
G265,21.82168,7.862852,1.774919,5.220342,77.88503,29.91785,12.30868,53.79129,41.63849,1.2239352,1.091426,62.46545,9.675789,2.889061,55.32493,2.006863,27.42884,63.44681,14.28488,7.997833,33.11355,3.436063,35.819
G266,22.92131,6.936948,1.598062,5.392251,79.41159,36.42288,9.656342,60.64069,25.6112,1.0515378,1.3350524,63.87223,9.525988,2.677836,54.90901,-4.701929,26.912,63.77696,15.5217,8.561165,32.5838,3.637662,35.93838
G267,23.32122,5.238181,1.646008,5.453358,77.73576,31.86595,9.229692,53.61756,22.70311,0.8332547,1.5713046,64.71988,9.692211,2.790633,50.7789,-3.286882,27.22874,60.09392,14.63149,9.290801,32.51589,3.509474,31.71
G268,25.24806,5.812079,1.672076,5.685602,73.36367,35.82114,17.748907,58.9411,34.33035,1.6457315,1.1392035,61.6194,10.21323,2.747814,64.69351,6.184772,29.03247,72.20279,15.63638,7.37938,36.26496,3.764463,32.88108
G269,24.80703,4.98713,1.656602,5.630214,77.77807,41.44406,16.986847,65.75987,32.11161,1.4463467,0.8052582,64.09675,10.117228,2.760214,64.04032,-2.33887,28.61102,74.56842,16.14198,10.716363,37.18278,3.703831,30.98339
G270,24.05777,6.004848,1.547494,5.53062,76.98075,32.47308,19.383084,57.74268,26.38619,1.2940061,1.2940028,64.94252,9.463977,2.540616,60.7035,3.442958,27.08227,70.47775,14.50658,9.813622,38.4415,3.807042,31.84443
G271,24.42248,6.283694,1.652456,5.58631,77.57246,35.75232,19.247958,62.31061,29.66658,1.4205216,1.1079622,63.68315,10.02921,2.796166,65.94632,4.119012,28.3377,75.02924,15.30791,9.079433,36.75613,3.642462,34.62664
G272,23.91018,6.403139,1.672357,5.521839,75.96758,29.89718,15.016294,54.39906,28.87746,1.342288,1.0218108,59.59038,9.878776,2.75965,58.32503,2.941074,28.04324,68.50983,14.07295,10.02286,35.62668,3.680973,33.77373
G273,20.56283,6.272239,1.739028,5.080673,80.90116,30.30917,7.862214,60.68584,40.65682,1.3043138,0.910797,60.94161,9.328564,2.837303,57.56152,-3.151354,26.18732,67.00453,14.35368,9.449001,32.14711,3.393265,32.93797
G274,22.86778,7.508351,1.746053,5.3549,79.19803,31.45202,15.084547,65.81189,28.81276,1.0864305,1.4285121,63.13504,9.997908,3.017541,62.37704,-3.001995,27.93815,71.14028,14.49899,9.469039,31.94972,3.394721,36.36548
G275,26.05617,6.722508,1.703002,5.691818,76.54092,30.50685,14.106467,61.20135,25.5369,1.3066172,1.2350329,61.17235,10.376712,2.807822,63.99749,1.993801,29.34158,72.693,14.31069,8.266158,33.83195,3.791306,31.89101
G276,27.19841,5.399793,1.700367,5.701527,78.45309,34.52593,14.709551,55.8923,27.86239,1.3418889,0.8496717,62.76302,10.816393,2.744948,55.15145,-0.684212,29.30325,65.04218,15.11918,9.819863,31.21308,3.877391,30.72867
G277,25.28839,5.912856,1.665342,5.678358,76.8286,31.45445,17.471815,55.07126,26.45317,1.2379334,1.5747847,65.76566,10.226904,2.728157,58.5839,2.371783,28.94501,67.21145,14.29067,8.598242,37.48669,3.760096,30.35743
G278,24.43277,7.242553,1.642053,5.557527,76.99703,29.99237,18.446893,62.51066,28.33439,1.308482,1.3238629,64.01902,9.995494,2.742842,65.50463,3.052139,28.09097,76.38595,14.11583,10.579387,36.4297,3.687931,35.48524
G279,23.21165,6.02451,1.628304,5.424966,80.88896,31.09656,10.912176,64.53201,28.72012,1.2926469,1.0837935,62.67575,9.678128,2.698559,62.93569,-2.008688,27.26497,72.05529,14.38127,8.62888,34.69162,3.651281,32.22859
G280,26.03816,6.529417,1.639059,5.88662,89.39492,30.48165,15.335803,51.53234,26.66954,1.3634205,0.9624073,64.57065,10.318476,2.757363,55.7493,3.8908,29.76886,64.02209,14.0772,7.982867,40.67624,3.777093,34.76471
G281,22.72305,7.167451,1.785449,5.329115,77.88721,30.25709,12.522252,59.42673,38.26299,1.4029669,1.1044012,63.79149,10.017886,3.071035,60.18906,0.1231092,27.89413,67.27209,13.78263,6.962075,33.50617,3.396905,32.4402
G282,26.11562,5.91834,1.641801,5.782844,80.0174,31.39098,20.741529,62.33355,32.50331,1.6475466,1.0836021,61.50263,10.324395,2.756238,62.31617,0.4682599,29.15135,73.01284,14.44348,10.60885,36.1281,3.802798,34.04649
G283,24.45398,6.822168,1.590589,5.579549,78.58958,29.69213,18.421648,64.04475,26.77265,1.3379172,1.4663201,63.69871,9.838457,2.651932,66.77207,2.034431,27.56954,75.70407,13.84101,8.906585,33.49315,3.747806,31.68137
G284,24.18164,5.766787,2.304556,5.563717,75.68753,26.78072,9.210108,75.29797,35.49333,1.2533334,1.3656992,52.4955,12.033562,3.714152,84.48619,8.940391,33.23393,88.9437,13.42673,4.226976,32.34516,3.338791,28.35697
G285,22.98508,7.099633,2.106124,5.374877,71.0349,29.25919,15.934207,69.4194,48.32075,1.8110036,0.6322534,56.03248,11.270823,3.639779,76.6153,7.573572,30.65678,83.19529,14.12587,6.537484,32.95142,3.18265,32.29687
G286,25.61038,4.877312,2.00661,5.417022,78.18172,32.76456,11.82196,61.40353,37.37975,1.453853,0.6418694,59.00597,11.173589,3.416636,63.40833,2.042755,30.30748,71.24279,15.09273,7.337792,29.65058,3.50642,26.69198
G287,26.6317,6.652661,2.119951,5.785437,67.40893,30.40849,18.910964,63.3142,24.70392,0.9464278,0.754557,58.13212,12.127386,3.675657,68.09365,5.458488,33.41742,76.34287,14.35595,8.219725,34.3905,3.358272,29.53659
G288,26.69294,7.505437,2.171754,5.576567,76.97939,30.09054,20.7268,76.08526,49.7239,1.9089275,1.0749307,52.35302,12.097217,3.636644,82.38804,5.388096,32.45059,89.13752,14.28435,7.110817,29.11493,3.538084,30.92947
G289,20.63683,7.093855,1.788142,5.126571,77.49029,31.51121,26.622857,62.32413,63.79185,2.1194365,0.992015,57.55965,9.767634,3.08983,62.87631,0.2989531,27.02223,71.48917,14.66896,8.372978,25.7856,3.201659,37.71764
G290,26.40152,6.949339,2.249088,5.774532,77.7002,28.0875,28.730258,80.49662,46.82929,1.8054505,0.7627754,53.90361,12.492255,3.935195,81.6721,1.69352,33.88377,88.79267,13.92264,7.310683,28.81717,3.235669,32.56835
G291,23.14703,5.869637,1.614441,5.436804,78.32581,34.32007,14.019634,79.60245,26.80772,1.1365146,0.8505664,64.19285,9.58325,2.688211,82.35246,2.754297,27.08286,89.2292,14.81499,6.848602,31.65004,3.607323,33.28669
G292,20.08106,7.605245,1.833337,5.028857,87.6657,30.32112,19.067142,69.77705,47.65679,1.406481,0.6244762,57.4901,9.7279,3.225365,83.33973,14.01308,26.79023,91.04272,14.61544,7.843964,31.43192,3.073635,34.32008
G293,25.37291,5.32721,2.434037,5.720444,79.82192,27.64671,11.965295,83.30831,52.54783,1.8707487,0.904457,54.02019,12.953404,4.099055,84.53054,1.478073,35.00305,91.51257,13.56727,6.765359,32.49324,3.203814,25.59461
G295,23.31748,6.441287,2.159475,5.452003,77.48006,27.87788,16.730129,72.01737,38.93332,1.2671264,0.9382594,60.23541,11.492686,3.725161,73.80309,1.415001,31.6224,79.93515,14.00164,5.849843,31.48654,3.15999,30.36678
G296,20.96936,7.92786,2.12597,5.167444,73.27784,29.65481,15.86028,63.07812,59.04306,1.6106368,1.3970378,57.87517,10.849727,3.699149,65.65409,3.173,29.54746,73.76825,14.0576,8.150652,29.9858,3.00696,32.63058
G297,21.00525,5.082069,1.93604,5.208326,71.1546,39.67021,10.892282,64.8037,54.02559,1.5873915,1.0172318,64.75459,10.258826,3.277607,69.66157,4.54063,28.4791,76.48498,15.71613,6.855515,29.9705,3.166286,25.60913
G298,21.09422,8.497992,1.757461,5.184155,73.69867,33.58989,25.264356,60.5213,58.73625,2.2230505,1.588998,63.03706,9.763881,3.028706,67.47949,6.53815,26.95274,72.90546,14.66066,5.25569,30.41582,3.239174,36.28055
G300,21.29525,5.655092,1.963566,5.210071,74.3068,30.05601,17.638631,59.71467,62.09474,2.0641243,1.1660644,56.55954,10.399697,3.356843,64.07161,4.381593,28.61603,71.29841,13.81118,7.083014,29.57774,3.154536,29.32959
G303,21.70223,6.626713,1.879931,5.259588,65.48759,30.658,20.124891,54.069,33.13261,1.1167169,1.123937,61.94489,10.274653,3.205728,57.27237,2.866963,28.36061,62.7619,14.41252,5.151656,34.07103,3.263092,30.7672
G305,19.64234,5.79946,1.878871,4.989201,73.75969,32.49891,15.31578,67.8916,56.55747,1.700402,1.0136156,60.34872,9.823612,3.23612,69.28816,0.5251852,26.92403,76.51607,14.50277,7.022723,26.77155,3.054258,30.6268
G306,27.18422,7.40217,2.238324,5.883117,75.18278,27.47147,8.771729,72.41572,50.7676,2.3572654,1.3113536,52.98703,12.666653,3.765169,78.59823,6.023095,34.89362,86.19096,13.76089,7.718465,31.21225,3.423666,31.19335
G307,21.69367,6.966526,2.104876,5.239637,78.74921,26.96259,18.546104,60.01907,47.63965,1.3678772,1.1738281,55.8897,10.995813,3.681201,59.66176,-0.5215796,29.90867,66.27712,13.4984,6.762045,30.07418,3.073892,30.31762
G308,23.62506,6.792624,1.688078,5.461225,79.43708,33.15031,22.535638,61.371,24.84651,0.9663521,0.9259269,59.26125,9.907056,2.837726,58.86259,-2.521044,27.93777,67.01774,14.7798,7.975993,28.97797,3.5934,34.40265
G309,21.1899,5.896027,1.61365,5.235935,79.03193,34.80283,6.539095,61.61217,25.83775,0.9441484,1.1040379,61.96387,9.251555,2.746799,60.95958,-1.06303,26.14994,68.7052,15.05521,7.584471,28.70579,3.3926,31.93216
G311,25.42234,6.5734,2.216023,5.68026,73.58404,30.10886,28.242708,60.54951,49.78843,1.8110398,1.1232687,56.75461,12.323249,3.695416,61.38769,1.512882,33.4813,67.94329,14.04592,6.004892,31.53581,3.389384,28.33304
G312,19.11717,3.456747,1.584421,4.952102,78.5394,38.21206,12.645669,64.58172,65.45579,2.5626936,0.7037014,64.01937,8.775408,2.759113,64.02402,0.09096873,24.6087,71.57538,16.01747,7.489881,32.67963,3.224855,25.52275
G313,21.71683,3.916662,1.661194,5.197135,72.52292,41.2863,11.536594,62.252,58.50583,2.0565353,1.0503363,58.67225,9.333156,2.73223,71.16402,9.14565,26.36999,77.18865,16.28083,6.273603,30.6735,3.523413,22.75779
G314,27.26724,6.298713,1.829906,5.85931,87.57584,31.54797,14.66545,72.16784,24.30728,1.187135,0.9605859,61.35262,11.241991,3.176351,82.61302,11.17378,31.10843,90.67234,14.82417,8.100538,33.93031,3.63271,35.42219
G315,23.40745,4.001513,1.70221,5.482038,69.43872,44.07344,13.378428,69.89163,60.46455,2.2647049,1.2681744,66.6597,10.040963,2.811777,85.48907,14.38251,28.27834,92.81427,16.7244,7.273057,30.93685,3.58388,25.89394
G316,23.26561,6.585124,2.00629,5.437904,73.31668,29.8946,11.679264,62.55988,49.38227,1.9617502,1.3030348,56.99152,11.095848,3.461452,67.77493,4.726665,30.17547,75.3731,14.04788,7.560303,32.08917,3.256369,30.71079
G317,15.57887,6.296801,1.581199,4.45576,75.86412,38.83584,30.318571,63.50187,51.7883,1.5077476,1.2370427,65.49386,7.859496,2.710043,66.93473,3.212751,21.83275,74.90506,15.85193,7.979988,27.43658,2.928936,30.08179
G318,23.43454,6.409441,1.706733,5.453394,72.78512,31.61797,11.155106,69.22206,23.82534,1.001108,1.0019258,59.87734,10.036997,2.96332,78.16181,9.179706,28.06439,86.33606,14.55098,8.132352,32.77473,3.44897,34.24619
